uMax,uMin,rMax,rMin,gMax,gMin,iMax,iMin,zMax,zMin
35.7823,-9999,37.01411,-9999,37.47437,-9999,37.09599,-9999,36.62334,-9999